feature,importance
umidade,0.24815045946142597
temperatura,0.24045137508414857
precipitacao,0.2379300221560048
estado_cod,0.077005184945274
mes_cos,0.06306884938777854
mes_sin,0.058753840241233334
satelite_cod,0.04377105603791884
bioma_cod,0.03086921268621591
